timestamp,agent.name,rule.description,rule.level,rule.id
"Apr 9, 2025 @ 11:02:05.121","agente-ubuntu","File ""/home/webshell"" is a positive match for YARA rule: Webshell_Worse_Linux_Shell_1_RID320C","10","108001"
"Apr 9, 2025 @ 11:02:01.115","agente-ubuntu","File ""/home/webshell"" is a positive match for YARA rule: Webshell_Worse_Linux_Shell_php_RID3323","10","108001"
"Apr 9, 2025 @ 11:01:57.111","agente-ubuntu","Active response successfully removed malicious file ""/home/webshell""","5","108002"
"Apr 9, 2025 @ 11:01:55.721","agente-ubuntu","File deleted.","7","553"
"Apr 9, 2025 @ 11:01:24.366","agente-ubuntu","File modified in /home directory.","5","100300"
"Apr 9, 2025 @ 11:01:24.366","agente-ubuntu","File deleted.","7","553"
"Apr 9, 2025 @ 11:01:24.365","agente-ubuntu","File added to /home directory.","5","100301"
"Apr 9, 2025 @ 11:01:24.262","agente-ubuntu","File ""/home/xbash"" is a positive match for YARA rule: MAL_Xbash_PY_Sep18_RID2D38","10","108001"
"Apr 9, 2025 @ 11:01:24.262","agente-ubuntu","Active response successfully removed malicious file ""/home/xbash""","5","108002"
"Apr 9, 2025 @ 11:01:24.251","agente-ubuntu","File ""/home/mirai"" is a positive match for YARA rule: MAL_ELF_LNX_Mirai_Oct10_2_RID2F3A","10","108001"
"Apr 9, 2025 @ 11:01:24.248","agente-ubuntu","File modified in /home directory.","5","100300"
"Apr 9, 2025 @ 11:01:24.247","agente-ubuntu","File modified in /home directory.","5","100300"
"Apr 9, 2025 @ 11:01:24.244","agente-ubuntu","File modified in /home directory.","5","100300"
"Apr 9, 2025 @ 11:01:24.242","agente-ubuntu","File modified in /home directory.","5","100300"
"Apr 9, 2025 @ 11:01:24.240","agente-ubuntu","File modified in /home directory.","5","100300"
"Apr 9, 2025 @ 11:01:24.237","agente-ubuntu","File modified in /home directory.","5","100300"
"Apr 9, 2025 @ 11:01:24.236","agente-ubuntu","File modified in /home directory.","5","100300"
"Apr 9, 2025 @ 11:01:24.233","agente-ubuntu","File modified in /home directory.","5","100300"
"Apr 9, 2025 @ 11:01:24.231","agente-ubuntu","File modified in /home directory.","5","100300"
"Apr 9, 2025 @ 11:01:24.229","agente-ubuntu","File modified in /home directory.","5","100300"
"Apr 9, 2025 @ 11:01:24.228","agente-ubuntu","File modified in /home directory.","5","100300"
"Apr 9, 2025 @ 11:01:24.225","agente-ubuntu","File modified in /home directory.","5","100300"
"Apr 9, 2025 @ 11:01:24.223","agente-ubuntu","File modified in /home directory.","5","100300"
"Apr 9, 2025 @ 11:01:24.221","agente-ubuntu","File modified in /home directory.","5","100300"
"Apr 9, 2025 @ 11:01:24.219","agente-ubuntu","File modified in /home directory.","5","100300"
"Apr 9, 2025 @ 11:01:24.216","agente-ubuntu","File modified in /home directory.","5","100300"
"Apr 9, 2025 @ 11:01:24.215","agente-ubuntu","File modified in /home directory.","5","100300"
"Apr 9, 2025 @ 11:01:24.213","agente-ubuntu","File modified in /home directory.","5","100300"
"Apr 9, 2025 @ 11:01:24.211","agente-ubuntu","File modified in /home directory.","5","100300"
"Apr 9, 2025 @ 11:01:24.210","agente-ubuntu","File modified in /home directory.","5","100300"
"Apr 9, 2025 @ 11:01:24.209","agente-ubuntu","File modified in /home directory.","5","100300"
"Apr 9, 2025 @ 11:01:24.205","agente-ubuntu","File modified in /home directory.","5","100300"
"Apr 9, 2025 @ 11:01:24.205","agente-ubuntu","File modified in /home directory.","5","100300"
"Apr 9, 2025 @ 11:01:24.200","agente-ubuntu","File modified in /home directory.","5","100300"
"Apr 9, 2025 @ 11:01:24.197","agente-ubuntu","File ""/home/mirai"" is a positive match for YARA rule: SUSP_XORed_Mozilla_Oct19_RID2FA3","10","108001"
"Apr 9, 2025 @ 11:01:24.195","agente-ubuntu","File modified in /home directory.","5","100300"
"Apr 9, 2025 @ 11:01:24.193","agente-ubuntu","File modified in /home directory.","5","100300"
"Apr 9, 2025 @ 11:01:24.191","agente-ubuntu","File modified in /home directory.","5","100300"
"Apr 9, 2025 @ 11:01:24.189","agente-ubuntu","File modified in /home directory.","5","100300"
"Apr 9, 2025 @ 11:01:24.187","agente-ubuntu","File modified in /home directory.","5","100300"
"Apr 9, 2025 @ 11:01:24.185","agente-ubuntu","File modified in /home directory.","5","100300"
"Apr 9, 2025 @ 11:01:24.183","agente-ubuntu","File modified in /home directory.","5","100300"
"Apr 9, 2025 @ 11:01:24.180","agente-ubuntu","File modified in /home directory.","5","100300"
"Apr 9, 2025 @ 11:01:24.179","agente-ubuntu","File modified in /home directory.","5","100300"
"Apr 9, 2025 @ 11:01:24.176","agente-ubuntu","File modified in /home directory.","5","100300"
"Apr 9, 2025 @ 11:01:24.174","agente-ubuntu","File modified in /home directory.","5","100300"
"Apr 9, 2025 @ 11:01:24.172","agente-ubuntu","File modified in /home directory.","5","100300"
"Apr 9, 2025 @ 11:01:24.170","agente-ubuntu","File modified in /home directory.","5","100300"
"Apr 9, 2025 @ 11:01:24.168","agente-ubuntu","File modified in /home directory.","5","100300"
"Apr 9, 2025 @ 11:01:24.166","agente-ubuntu","File modified in /home directory.","5","100300"
"Apr 9, 2025 @ 11:01:24.163","agente-ubuntu","File modified in /home directory.","5","100300"
"Apr 9, 2025 @ 11:01:24.161","agente-ubuntu","File modified in /home directory.","5","100300"
"Apr 9, 2025 @ 11:01:24.160","agente-ubuntu","File modified in /home directory.","5","100300"
"Apr 9, 2025 @ 11:01:24.157","agente-ubuntu","File modified in /home directory.","5","100300"
"Apr 9, 2025 @ 11:01:24.155","agente-ubuntu","File modified in /home directory.","5","100300"
"Apr 9, 2025 @ 11:01:24.153","agente-ubuntu","File modified in /home directory.","5","100300"
"Apr 9, 2025 @ 11:01:24.150","agente-ubuntu","File modified in /home directory.","5","100300"
"Apr 9, 2025 @ 11:01:24.148","agente-ubuntu","File modified in /home directory.","5","100300"
"Apr 9, 2025 @ 11:01:24.146","agente-ubuntu","File modified in /home directory.","5","100300"
"Apr 9, 2025 @ 11:01:24.144","agente-ubuntu","File modified in /home directory.","5","100300"
"Apr 9, 2025 @ 11:01:24.142","agente-ubuntu","File modified in /home directory.","5","100300"
"Apr 9, 2025 @ 11:01:24.140","agente-ubuntu","File modified in /home directory.","5","100300"
"Apr 9, 2025 @ 11:01:24.137","agente-ubuntu","File modified in /home directory.","5","100300"
"Apr 9, 2025 @ 11:01:24.135","agente-ubuntu","File modified in /home directory.","5","100300"
"Apr 9, 2025 @ 11:01:24.133","agente-ubuntu","File modified in /home directory.","5","100300"
"Apr 9, 2025 @ 11:01:24.132","agente-ubuntu","File modified in /home directory.","5","100300"
"Apr 9, 2025 @ 11:01:24.129","agente-ubuntu","File modified in /home directory.","5","100300"
"Apr 9, 2025 @ 11:01:24.127","agente-ubuntu","File modified in /home directory.","5","100300"
"Apr 9, 2025 @ 11:01:24.125","agente-ubuntu","File modified in /home directory.","5","100300"
"Apr 9, 2025 @ 11:01:24.123","agente-ubuntu","File modified in /home directory.","5","100300"
"Apr 9, 2025 @ 11:01:24.121","agente-ubuntu","File modified in /home directory.","5","100300"
"Apr 9, 2025 @ 11:01:24.119","agente-ubuntu","File modified in /home directory.","5","100300"
"Apr 9, 2025 @ 11:01:24.116","agente-ubuntu","File modified in /home directory.","5","100300"
"Apr 9, 2025 @ 11:01:24.114","agente-ubuntu","File modified in /home directory.","5","100300"
"Apr 9, 2025 @ 11:01:24.112","agente-ubuntu","File modified in /home directory.","5","100300"
"Apr 9, 2025 @ 11:01:24.110","agente-ubuntu","File modified in /home directory.","5","100300"
"Apr 9, 2025 @ 11:01:24.109","agente-ubuntu","File modified in /home directory.","5","100300"
"Apr 9, 2025 @ 11:01:24.107","agente-ubuntu","File modified in /home directory.","5","100300"
"Apr 9, 2025 @ 11:01:24.105","agente-ubuntu","File modified in /home directory.","5","100300"
"Apr 9, 2025 @ 11:01:24.104","agente-ubuntu","File modified in /home directory.","5","100300"
"Apr 9, 2025 @ 11:01:24.100","agente-ubuntu","File modified in /home directory.","5","100300"
"Apr 9, 2025 @ 11:01:24.100","agente-ubuntu","File modified in /home directory.","5","100300"
"Apr 9, 2025 @ 11:01:24.097","agente-ubuntu","File modified in /home directory.","5","100300"
"Apr 9, 2025 @ 11:01:24.094","agente-ubuntu","File modified in /home directory.","5","100300"
"Apr 9, 2025 @ 11:01:24.091","agente-ubuntu","File modified in /home directory.","5","100300"
"Apr 9, 2025 @ 11:01:24.088","agente-ubuntu","File modified in /home directory.","5","100300"
"Apr 9, 2025 @ 11:01:24.087","agente-ubuntu","File modified in /home directory.","5","100300"
"Apr 9, 2025 @ 11:01:24.085","agente-ubuntu","File modified in /home directory.","5","100300"
"Apr 9, 2025 @ 11:01:24.083","agente-ubuntu","File modified in /home directory.","5","100300"
"Apr 9, 2025 @ 11:01:24.080","agente-ubuntu","File modified in /home directory.","5","100300"
"Apr 9, 2025 @ 11:01:24.078","agente-ubuntu","File modified in /home directory.","5","100300"
"Apr 9, 2025 @ 11:01:24.077","agente-ubuntu","File modified in /home directory.","5","100300"
"Apr 9, 2025 @ 11:01:24.074","agente-ubuntu","File modified in /home directory.","5","100300"
"Apr 9, 2025 @ 11:01:24.072","agente-ubuntu","File modified in /home directory.","5","100300"
"Apr 9, 2025 @ 11:01:24.070","agente-ubuntu","File modified in /home directory.","5","100300"
"Apr 9, 2025 @ 11:01:24.068","agente-ubuntu","File modified in /home directory.","5","100300"
"Apr 9, 2025 @ 11:01:24.065","agente-ubuntu","File modified in /home directory.","5","100300"
"Apr 9, 2025 @ 11:01:24.063","agente-ubuntu","File modified in /home directory.","5","100300"
"Apr 9, 2025 @ 11:01:24.061","agente-ubuntu","File modified in /home directory.","5","100300"
"Apr 9, 2025 @ 11:01:24.061","agente-ubuntu","File modified in /home directory.","5","100300"
"Apr 9, 2025 @ 11:01:24.058","agente-ubuntu","File modified in /home directory.","5","100300"
"Apr 9, 2025 @ 11:01:24.055","agente-ubuntu","File modified in /home directory.","5","100300"
"Apr 9, 2025 @ 11:01:24.055","agente-ubuntu","File modified in /home directory.","5","100300"
"Apr 9, 2025 @ 11:01:24.051","agente-ubuntu","File modified in /home directory.","5","100300"
"Apr 9, 2025 @ 11:00:58.263","agente-ubuntu","File modified in /home directory.","5","100300"
"Apr 9, 2025 @ 11:00:58.225","agente-ubuntu","File modified in /home directory.","5","100300"
"Apr 9, 2025 @ 11:00:58.187","agente-ubuntu","File modified in /home directory.","5","100300"
"Apr 9, 2025 @ 11:00:58.148","agente-ubuntu","File modified in /home directory.","5","100300"
"Apr 9, 2025 @ 11:00:58.110","agente-ubuntu","File modified in /home directory.","5","100300"
"Apr 9, 2025 @ 11:00:58.074","agente-ubuntu","File modified in /home directory.","5","100300"
"Apr 9, 2025 @ 11:00:58.039","agente-ubuntu","File modified in /home directory.","5","100300"
"Apr 9, 2025 @ 11:00:57.978","agente-ubuntu","File modified in /home directory.","5","100300"
"Apr 9, 2025 @ 11:00:57.045","agente-ubuntu","Active response successfully removed malicious file ""/home/mirai""","5","108002"
"Apr 9, 2025 @ 11:00:56.939","agente-ubuntu","File modified in /home directory.","5","100300"
"Apr 9, 2025 @ 11:00:56.908","agente-ubuntu","File modified in /home directory.","5","100300"
"Apr 9, 2025 @ 11:00:56.825","agente-ubuntu","File modified in /home directory.","5","100300"
"Apr 9, 2025 @ 11:00:56.799","agente-ubuntu","File modified in /home directory.","5","100300"
"Apr 9, 2025 @ 11:00:56.757","agente-ubuntu","File deleted.","7","553"
"Apr 9, 2025 @ 11:00:56.754","agente-ubuntu","File modified in /home directory.","5","100300"
"Apr 9, 2025 @ 11:00:56.727","agente-ubuntu","File modified in /home directory.","5","100300"
"Apr 9, 2025 @ 11:00:56.227","agente-ubuntu","File modified in /home directory.","5","100300"
"Apr 9, 2025 @ 11:00:56.211","agente-ubuntu","File modified in /home directory.","5","100300"
"Apr 9, 2025 @ 11:00:56.187","agente-ubuntu","File modified in /home directory.","5","100300"
"Apr 9, 2025 @ 11:00:56.175","agente-ubuntu","File modified in /home directory.","5","100300"
"Apr 9, 2025 @ 11:00:56.163","agente-ubuntu","File modified in /home directory.","5","100300"
"Apr 9, 2025 @ 11:00:56.151","agente-ubuntu","File modified in /home directory.","5","100300"
"Apr 9, 2025 @ 11:00:56.139","agente-ubuntu","File modified in /home directory.","5","100300"
"Apr 9, 2025 @ 11:00:56.127","agente-ubuntu","File modified in /home directory.","5","100300"
"Apr 9, 2025 @ 11:00:56.115","agente-ubuntu","File modified in /home directory.","5","100300"
"Apr 9, 2025 @ 11:00:56.036","agente-ubuntu","File modified in /home directory.","5","100300"
"Apr 9, 2025 @ 11:00:56.025","agente-ubuntu","File modified in /home directory.","5","100300"
"Apr 9, 2025 @ 11:00:56.016","agente-ubuntu","File modified in /home directory.","5","100300"
"Apr 9, 2025 @ 11:00:56.005","agente-ubuntu","File modified in /home directory.","5","100300"
"Apr 9, 2025 @ 11:00:55.994","agente-ubuntu","File modified in /home directory.","5","100300"
"Apr 9, 2025 @ 11:00:55.985","agente-ubuntu","File modified in /home directory.","5","100300"
"Apr 9, 2025 @ 11:00:55.974","agente-ubuntu","File modified in /home directory.","5","100300"
"Apr 9, 2025 @ 11:00:55.963","agente-ubuntu","File modified in /home directory.","5","100300"
"Apr 9, 2025 @ 11:00:55.952","agente-ubuntu","File modified in /home directory.","5","100300"
"Apr 9, 2025 @ 11:00:55.864","agente-ubuntu","File modified in /home directory.","5","100300"
"Apr 9, 2025 @ 11:00:55.856","agente-ubuntu","File modified in /home directory.","5","100300"
"Apr 9, 2025 @ 11:00:55.848","agente-ubuntu","File modified in /home directory.","5","100300"
"Apr 9, 2025 @ 11:00:55.840","agente-ubuntu","File modified in /home directory.","5","100300"
"Apr 9, 2025 @ 11:00:55.831","agente-ubuntu","File modified in /home directory.","5","100300"
"Apr 9, 2025 @ 11:00:55.823","agente-ubuntu","File modified in /home directory.","5","100300"
"Apr 9, 2025 @ 11:00:55.815","agente-ubuntu","File modified in /home directory.","5","100300"
"Apr 9, 2025 @ 11:00:55.810","agente-ubuntu","File modified in /home directory.","5","100300"
"Apr 9, 2025 @ 11:00:55.786","agente-ubuntu","File modified in /home directory.","5","100300"
"Apr 9, 2025 @ 11:00:55.653","agente-ubuntu","File modified in /home directory.","5","100300"
"Apr 9, 2025 @ 11:00:55.648","agente-ubuntu","File modified in /home directory.","5","100300"
"Apr 9, 2025 @ 11:00:55.631","agente-ubuntu","File modified in /home directory.","5","100300"
"Apr 9, 2025 @ 11:00:55.623","agente-ubuntu","File modified in /home directory.","5","100300"
"Apr 9, 2025 @ 11:00:55.478","agente-ubuntu","File modified in /home directory.","5","100300"
"Apr 9, 2025 @ 11:00:55.470","agente-ubuntu","File modified in /home directory.","5","100300"
"Apr 9, 2025 @ 11:00:55.462","agente-ubuntu","File modified in /home directory.","5","100300"
"Apr 9, 2025 @ 11:00:55.303","agente-ubuntu","File modified in /home directory.","5","100300"
"Apr 9, 2025 @ 11:00:54.678","agente-ubuntu","File added to /home directory.","5","100301"
"Apr 9, 2025 @ 11:00:54.666","agente-ubuntu","File modified in /home directory.","5","100300"
"Apr 9, 2025 @ 11:00:54.519","agente-ubuntu","File modified in /home directory.","5","100300"
"Apr 9, 2025 @ 11:00:54.513","agente-ubuntu","File modified in /home directory.","5","100300"
"Apr 9, 2025 @ 11:00:54.370","agente-ubuntu","File modified in /home directory.","5","100300"
"Apr 9, 2025 @ 11:00:53.723","agente-ubuntu","File added to /home directory.","5","100301"
"Apr 9, 2025 @ 10:59:35.090","agente-ubuntu","syslog: User missed the password more than one time","10","2502"
"Apr 9, 2025 @ 10:59:35.087","agente-ubuntu","sshd: authentication failed.","5","5760"
"Apr 9, 2025 @ 10:59:35.054","agente-ubuntu","PAM: Login session closed.","3","5502"
"Apr 9, 2025 @ 10:59:35.025","agente-ubuntu","sshd: authentication failed.","5","5760"
"Apr 9, 2025 @ 10:59:35.023","agente-ubuntu","sshd: authentication failed.","5","5760"
"Apr 9, 2025 @ 10:59:35.021","agente-ubuntu","sshd: authentication failed.","5","5760"
"Apr 9, 2025 @ 10:59:35.016","agente-ubuntu","sshd: authentication failed.","5","5760"
"Apr 9, 2025 @ 10:59:35.013","agente-ubuntu","sshd: authentication failed.","5","5760"
"Apr 9, 2025 @ 10:59:35.010","agente-ubuntu","PAM: Login session opened.","3","5501"
"Apr 9, 2025 @ 10:59:35.008","agente-ubuntu","Multiple authentication failures followed by a success.","12","40112"
"Apr 9, 2025 @ 10:59:35.007","agente-ubuntu","sshd: authentication failed.","5","5760"
"Apr 9, 2025 @ 10:59:33.067","agente-ubuntu","sshd: authentication failed.","5","5760"
"Apr 9, 2025 @ 10:59:33.067","agente-ubuntu","sshd: authentication failed.","5","5760"
"Apr 9, 2025 @ 10:59:33.026","agente-ubuntu","sshd: authentication failed.","5","5760"
"Apr 9, 2025 @ 10:59:33.025","agente-ubuntu","sshd: authentication failed.","5","5760"
"Apr 9, 2025 @ 10:59:33.025","agente-ubuntu","sshd: authentication failed.","5","5760"
"Apr 9, 2025 @ 10:59:33.025","agente-ubuntu","sshd: authentication failed.","5","5760"
"Apr 9, 2025 @ 10:59:33.025","agente-ubuntu","sshd: authentication failed.","5","5760"
"Apr 9, 2025 @ 10:59:33.025","agente-ubuntu","sshd: authentication failed.","5","5760"
"Apr 9, 2025 @ 10:59:33.025","agente-ubuntu","sshd: authentication failed.","5","5760"
"Apr 9, 2025 @ 10:59:33.025","agente-ubuntu","sshd: authentication failed.","5","5760"
"Apr 9, 2025 @ 10:59:33.025","agente-ubuntu","sshd: authentication failed.","5","5760"
"Apr 9, 2025 @ 10:59:33.006","agente-ubuntu","sshd: authentication failed.","5","5760"
"Apr 9, 2025 @ 10:59:31.019","agente-ubuntu","sshd: authentication failed.","5","5760"
"Apr 9, 2025 @ 10:59:31.017","agente-ubuntu","sshd: authentication failed.","5","5760"
"Apr 9, 2025 @ 10:59:31.017","agente-ubuntu","sshd: authentication failed.","5","5760"
"Apr 9, 2025 @ 10:59:31.017","agente-ubuntu","sshd: authentication failed.","5","5760"
"Apr 9, 2025 @ 10:59:31.017","agente-ubuntu","sshd: authentication failed.","5","5760"
"Apr 9, 2025 @ 10:59:31.017","agente-ubuntu","sshd: authentication failed.","5","5760"
"Apr 9, 2025 @ 10:59:31.017","agente-ubuntu","sshd: authentication failed.","5","5760"
"Apr 9, 2025 @ 10:59:31.017","agente-ubuntu","sshd: authentication failed.","5","5760"
"Apr 9, 2025 @ 10:59:29.077","agente-ubuntu","PAM: Multiple failed logins in a small period of time.","10","5551"
"Apr 9, 2025 @ 10:59:29.075","agente-ubuntu","PAM: User login failed.","5","5503"
"Apr 9, 2025 @ 10:59:29.074","agente-ubuntu","PAM: User login failed.","5","5503"
"Apr 9, 2025 @ 10:59:29.071","agente-ubuntu","PAM: User login failed.","5","5503"
"Apr 9, 2025 @ 10:59:29.069","agente-ubuntu","PAM: User login failed.","5","5503"
"Apr 9, 2025 @ 10:59:29.068","agente-ubuntu","PAM: User login failed.","5","5503"
"Apr 9, 2025 @ 10:59:29.062","agente-ubuntu","syslog: User missed the password more than one time","10","2502"
"Apr 9, 2025 @ 10:59:29.061","agente-ubuntu","syslog: User authentication failure.","5","2501"
"Apr 9, 2025 @ 10:59:29.059","agente-ubuntu","Maximum authentication attempts exceeded.","8","5758"
"Apr 9, 2025 @ 10:59:29.055","agente-ubuntu","syslog: User missed the password more than one time","10","2502"
"Apr 9, 2025 @ 10:59:29.054","agente-ubuntu","syslog: User authentication failure.","5","2501"
"Apr 9, 2025 @ 10:59:29.049","agente-ubuntu","Maximum authentication attempts exceeded.","8","5758"
"Apr 9, 2025 @ 10:59:29.045","agente-ubuntu","syslog: User missed the password more than one time","10","2502"
"Apr 9, 2025 @ 10:59:29.043","agente-ubuntu","syslog: User authentication failure.","5","2501"
"Apr 9, 2025 @ 10:59:29.040","agente-ubuntu","Maximum authentication attempts exceeded.","8","5758"
"Apr 9, 2025 @ 10:59:29.036","agente-ubuntu","Multiple authentication failures.","10","40111"
"Apr 9, 2025 @ 10:59:29.034","agente-ubuntu","syslog: User authentication failure.","5","2501"
"Apr 9, 2025 @ 10:59:29.032","agente-ubuntu","Maximum authentication attempts exceeded.","8","5758"
"Apr 9, 2025 @ 10:59:29.030","agente-ubuntu","PAM: User login failed.","5","5503"
"Apr 9, 2025 @ 10:59:29.027","agente-ubuntu","PAM: User login failed.","5","5503"
"Apr 9, 2025 @ 10:59:29.025","agente-ubuntu","PAM: Multiple failed logins in a small period of time.","10","5551"
"Apr 9, 2025 @ 10:59:29.023","agente-ubuntu","PAM: User login failed.","5","5503"
"Apr 9, 2025 @ 10:59:29.019","agente-ubuntu","syslog: User missed the password more than one time","10","2502"
"Apr 9, 2025 @ 10:59:29.017","agente-ubuntu","syslog: User authentication failure.","5","2501"
"Apr 9, 2025 @ 10:59:29.015","agente-ubuntu","Maximum authentication attempts exceeded.","8","5758"
"Apr 9, 2025 @ 10:59:29.012","agente-ubuntu","PAM: User login failed.","5","5503"
"Apr 9, 2025 @ 10:59:29.011","agente-ubuntu","sshd: authentication failed.","5","5760"
"Apr 9, 2025 @ 10:59:29.008","agente-ubuntu","sshd: authentication failed.","5","5760"
"Apr 9, 2025 @ 10:59:29.006","agente-ubuntu","sshd: authentication failed.","5","5760"
"Apr 9, 2025 @ 10:59:29.004","agente-ubuntu","sshd: authentication failed.","5","5760"
"Apr 9, 2025 @ 10:59:29.001","agente-ubuntu","sshd: authentication failed.","5","5760"
"Apr 9, 2025 @ 10:59:28.997","agente-ubuntu","sshd: authentication failed.","5","5760"
"Apr 9, 2025 @ 10:59:28.997","agente-ubuntu","sshd: authentication failed.","5","5760"
"Apr 9, 2025 @ 10:59:27.063","agente-ubuntu","syslog: User missed the password more than one time","10","2502"
"Apr 9, 2025 @ 10:59:27.061","agente-ubuntu","syslog: User authentication failure.","5","2501"
"Apr 9, 2025 @ 10:59:27.059","agente-ubuntu","Maximum authentication attempts exceeded.","8","5758"
"Apr 9, 2025 @ 10:59:27.054","agente-ubuntu","syslog: User missed the password more than one time","10","2502"
"Apr 9, 2025 @ 10:59:27.052","agente-ubuntu","syslog: User authentication failure.","5","2501"
"Apr 9, 2025 @ 10:59:27.049","agente-ubuntu","Maximum authentication attempts exceeded.","8","5758"
"Apr 9, 2025 @ 10:59:27.045","agente-ubuntu","syslog: User authentication failure.","5","2501"
"Apr 9, 2025 @ 10:59:27.045","agente-ubuntu","Multiple authentication failures.","10","40111"
"Apr 9, 2025 @ 10:59:27.039","agente-ubuntu","syslog: User missed the password more than one time","10","2502"
"Apr 9, 2025 @ 10:59:27.037","agente-ubuntu","syslog: User authentication failure.","5","2501"
"Apr 9, 2025 @ 10:59:27.035","agente-ubuntu","Maximum authentication attempts exceeded.","8","5758"
"Apr 9, 2025 @ 10:59:27.032","agente-ubuntu","Maximum authentication attempts exceeded.","8","5758"
"Apr 9, 2025 @ 10:59:27.028","agente-ubuntu","syslog: User missed the password more than one time","10","2502"
"Apr 9, 2025 @ 10:59:27.026","agente-ubuntu","syslog: User authentication failure.","5","2501"
"Apr 9, 2025 @ 10:59:27.023","agente-ubuntu","Maximum authentication attempts exceeded.","8","5758"
"Apr 9, 2025 @ 10:59:27.021","agente-ubuntu","sshd: authentication failed.","5","5760"
"Apr 9, 2025 @ 10:59:27.019","agente-ubuntu","sshd: authentication failed.","5","5760"
"Apr 9, 2025 @ 10:59:27.017","agente-ubuntu","sshd: authentication failed.","5","5760"
"Apr 9, 2025 @ 10:59:27.015","agente-ubuntu","sshd: authentication failed.","5","5760"
"Apr 9, 2025 @ 10:59:27.013","agente-ubuntu","sshd: authentication failed.","5","5760"
"Apr 9, 2025 @ 10:59:27.009","agente-ubuntu","syslog: User missed the password more than one time","10","2502"
"Apr 9, 2025 @ 10:59:27.006","agente-ubuntu","syslog: User authentication failure.","5","2501"
"Apr 9, 2025 @ 10:59:27.004","agente-ubuntu","Maximum authentication attempts exceeded.","8","5758"
"Apr 9, 2025 @ 10:59:27.002","agente-ubuntu","sshd: authentication failed.","5","5760"
"Apr 9, 2025 @ 10:59:27.000","agente-ubuntu","PAM: User login failed.","5","5503"
"Apr 9, 2025 @ 10:59:26.996","agente-ubuntu","Multiple authentication failures.","10","40111"
"Apr 9, 2025 @ 10:59:26.994","agente-ubuntu","syslog: User authentication failure.","5","2501"
"Apr 9, 2025 @ 10:59:26.993","agente-ubuntu","Maximum authentication attempts exceeded.","8","5758"
"Apr 9, 2025 @ 10:59:25.017","agente-ubuntu","sshd: authentication failed.","5","5760"
"Apr 9, 2025 @ 10:59:25.015","agente-ubuntu","sshd: authentication failed.","5","5760"
"Apr 9, 2025 @ 10:59:25.014","agente-ubuntu","sshd: authentication failed.","5","5760"
"Apr 9, 2025 @ 10:59:25.010","agente-ubuntu","sshd: authentication failed.","5","5760"
"Apr 9, 2025 @ 10:59:25.008","agente-ubuntu","sshd: authentication failed.","5","5760"
"Apr 9, 2025 @ 10:59:25.006","agente-ubuntu","sshd: authentication failed.","5","5760"
"Apr 9, 2025 @ 10:59:25.002","agente-ubuntu","sshd: authentication failed.","5","5760"
"Apr 9, 2025 @ 10:59:25.001","agente-ubuntu","sshd: authentication failed.","5","5760"
"Apr 9, 2025 @ 10:59:24.998","agente-ubuntu","sshd: authentication failed.","5","5760"
"Apr 9, 2025 @ 10:59:24.996","agente-ubuntu","sshd: authentication failed.","5","5760"
"Apr 9, 2025 @ 10:59:24.994","agente-ubuntu","sshd: authentication failed.","5","5760"
"Apr 9, 2025 @ 10:59:24.991","agente-ubuntu","sshd: authentication failed.","5","5760"
"Apr 9, 2025 @ 10:59:24.991","agente-ubuntu","sshd: authentication failed.","5","5760"
"Apr 9, 2025 @ 10:59:23.050","agente-ubuntu","PAM: User login failed.","5","5503"
"Apr 9, 2025 @ 10:59:23.009","agente-ubuntu","sshd: authentication failed.","5","5760"
"Apr 9, 2025 @ 10:59:23.009","agente-ubuntu","Maximum authentication attempts exceeded.","8","5758"
"Apr 9, 2025 @ 10:59:23.009","agente-ubuntu","sshd: authentication failed.","5","5760"
"Apr 9, 2025 @ 10:59:23.009","agente-ubuntu","syslog: User missed the password more than one time","10","2502"
"Apr 9, 2025 @ 10:59:23.009","agente-ubuntu","syslog: User authentication failure.","5","2501"
"Apr 9, 2025 @ 10:59:23.008","agente-ubuntu","sshd: authentication failed.","5","5760"
"Apr 9, 2025 @ 10:59:23.008","agente-ubuntu","sshd: authentication failed.","5","5760"
"Apr 9, 2025 @ 10:59:23.008","agente-ubuntu","sshd: authentication failed.","5","5760"
"Apr 9, 2025 @ 10:59:23.008","agente-ubuntu","sshd: authentication failed.","5","5760"
"Apr 9, 2025 @ 10:59:22.989","agente-ubuntu","sshd: authentication failed.","5","5760"
"Apr 9, 2025 @ 10:59:20.994","agente-ubuntu","sshd: authentication failed.","5","5760"
"Apr 9, 2025 @ 10:59:20.992","agente-ubuntu","sshd: authentication failed.","5","5760"
"Apr 9, 2025 @ 10:59:20.989","agente-ubuntu","sshd: authentication failed.","5","5760"
"Apr 9, 2025 @ 10:59:20.988","agente-ubuntu","sshd: brute force trying to get access to the system. Authentication failed.","10","5763"
"Apr 9, 2025 @ 10:59:20.985","agente-ubuntu","sshd: authentication failed.","5","5760"
"Apr 9, 2025 @ 10:59:20.985","agente-ubuntu","sshd: authentication failed.","5","5760"
"Apr 9, 2025 @ 10:59:19.008","agente-ubuntu","sshd: authentication failed.","5","5760"
"Apr 9, 2025 @ 10:59:19.006","agente-ubuntu","sshd: authentication failed.","5","5760"
"Apr 9, 2025 @ 10:59:19.003","agente-ubuntu","sshd: authentication failed.","5","5760"
"Apr 9, 2025 @ 10:59:19.001","agente-ubuntu","sshd: authentication failed.","5","5760"
"Apr 9, 2025 @ 10:59:18.999","agente-ubuntu","sshd: authentication failed.","5","5760"
"Apr 9, 2025 @ 10:59:18.997","agente-ubuntu","sshd: authentication failed.","5","5760"
"Apr 9, 2025 @ 10:59:18.994","agente-ubuntu","sshd: authentication failed.","5","5760"
"Apr 9, 2025 @ 10:59:18.992","agente-ubuntu","sshd: authentication failed.","5","5760"
"Apr 9, 2025 @ 10:59:18.990","agente-ubuntu","sshd: authentication failed.","5","5760"
"Apr 9, 2025 @ 10:59:18.988","agente-ubuntu","sshd: authentication failed.","5","5760"
"Apr 9, 2025 @ 10:59:18.986","agente-ubuntu","sshd: authentication failed.","5","5760"
"Apr 9, 2025 @ 10:59:18.984","agente-ubuntu","sshd: authentication failed.","5","5760"
"Apr 9, 2025 @ 10:59:18.983","agente-ubuntu","sshd: authentication failed.","5","5760"
"Apr 9, 2025 @ 10:59:16.992","agente-ubuntu","sshd: authentication failed.","5","5760"
"Apr 9, 2025 @ 10:59:16.990","agente-ubuntu","sshd: authentication failed.","5","5760"
"Apr 9, 2025 @ 10:59:16.987","agente-ubuntu","sshd: authentication failed.","5","5760"
"Apr 9, 2025 @ 10:59:16.985","agente-ubuntu","sshd: authentication failed.","5","5760"
"Apr 9, 2025 @ 10:59:16.983","agente-ubuntu","sshd: authentication failed.","5","5760"
"Apr 9, 2025 @ 10:59:16.981","agente-ubuntu","sshd: authentication failed.","5","5760"
"Apr 9, 2025 @ 10:59:16.980","agente-ubuntu","sshd: authentication failed.","5","5760"
"Apr 9, 2025 @ 10:59:14.999","agente-ubuntu","sshd: authentication failed.","5","5760"
"Apr 9, 2025 @ 10:59:14.997","agente-ubuntu","sshd: authentication failed.","5","5760"
"Apr 9, 2025 @ 10:59:14.994","agente-ubuntu","sshd: authentication failed.","5","5760"
"Apr 9, 2025 @ 10:59:14.992","agente-ubuntu","sshd: authentication failed.","5","5760"
"Apr 9, 2025 @ 10:59:14.990","agente-ubuntu","sshd: authentication failed.","5","5760"
"Apr 9, 2025 @ 10:59:14.988","agente-ubuntu","sshd: authentication failed.","5","5760"
"Apr 9, 2025 @ 10:59:14.986","agente-ubuntu","sshd: authentication failed.","5","5760"
"Apr 9, 2025 @ 10:59:14.983","agente-ubuntu","sshd: authentication failed.","5","5760"
"Apr 9, 2025 @ 10:59:14.982","agente-ubuntu","sshd: authentication failed.","5","5760"
"Apr 9, 2025 @ 10:59:14.979","agente-ubuntu","sshd: authentication failed.","5","5760"
"Apr 9, 2025 @ 10:59:14.977","agente-ubuntu","PAM: User login failed.","5","5503"
"Apr 9, 2025 @ 10:59:14.977","agente-ubuntu","PAM: User login failed.","5","5503"
"Apr 9, 2025 @ 10:59:13.051","agente-ubuntu","syslog: User missed the password more than one time","10","2502"
"Apr 9, 2025 @ 10:59:13.010","agente-ubuntu","syslog: User authentication failure.","5","2501"
"Apr 9, 2025 @ 10:59:13.009","agente-ubuntu","syslog: User authentication failure.","5","2501"
"Apr 9, 2025 @ 10:59:13.009","agente-ubuntu","sshd: authentication failed.","5","5760"
"Apr 9, 2025 @ 10:59:13.009","agente-ubuntu","Maximum authentication attempts exceeded.","8","5758"
"Apr 9, 2025 @ 10:59:13.009","agente-ubuntu","sshd: authentication failed.","5","5760"
"Apr 9, 2025 @ 10:59:13.009","agente-ubuntu","Maximum authentication attempts exceeded.","8","5758"
"Apr 9, 2025 @ 10:59:13.009","agente-ubuntu","sshd: authentication failed.","5","5760"
"Apr 9, 2025 @ 10:59:13.009","agente-ubuntu","syslog: User missed the password more than one time","10","2502"
"Apr 9, 2025 @ 10:59:12.992","agente-ubuntu","sshd: authentication failed.","5","5760"
"Apr 9, 2025 @ 10:59:12.992","agente-ubuntu","sshd: authentication failed.","5","5760"
"Apr 9, 2025 @ 10:59:12.992","agente-ubuntu","sshd: authentication failed.","5","5760"
"Apr 9, 2025 @ 10:59:12.992","agente-ubuntu","sshd: authentication failed.","5","5760"
"Apr 9, 2025 @ 10:59:12.992","agente-ubuntu","sshd: authentication failed.","5","5760"
"Apr 9, 2025 @ 10:59:12.991","agente-ubuntu","sshd: authentication failed.","5","5760"
"Apr 9, 2025 @ 10:59:12.991","agente-ubuntu","sshd: authentication failed.","5","5760"
"Apr 9, 2025 @ 10:59:12.991","agente-ubuntu","sshd: authentication failed.","5","5760"
"Apr 9, 2025 @ 10:59:12.991","agente-ubuntu","sshd: authentication failed.","5","5760"
"Apr 9, 2025 @ 10:59:12.973","agente-ubuntu","sshd: authentication failed.","5","5760"
"Apr 9, 2025 @ 10:59:11.093","agente-ubuntu","PAM: Multiple failed logins in a small period of time.","10","5551"
"Apr 9, 2025 @ 10:59:11.093","agente-ubuntu","PAM: User login failed.","5","5503"
"Apr 9, 2025 @ 10:59:11.088","agente-ubuntu","PAM: User login failed.","5","5503"
"Apr 9, 2025 @ 10:59:11.088","agente-ubuntu","PAM: User login failed.","5","5503"
"Apr 9, 2025 @ 10:59:11.088","agente-ubuntu","PAM: User login failed.","5","5503"
"Apr 9, 2025 @ 10:59:11.086","agente-ubuntu","PAM: User login failed.","5","5503"
"Apr 9, 2025 @ 10:59:11.080","agente-ubuntu","PAM: User login failed.","5","5503"
"Apr 9, 2025 @ 10:59:11.080","agente-ubuntu","PAM: User login failed.","5","5503"
"Apr 9, 2025 @ 10:59:11.076","agente-ubuntu","Multiple authentication failures.","10","40111"
"Apr 9, 2025 @ 10:59:11.076","agente-ubuntu","PAM: User login failed.","5","5503"
"Apr 9, 2025 @ 10:59:11.076","agente-ubuntu","syslog: User authentication failure.","5","2501"
"Apr 9, 2025 @ 10:59:11.072","agente-ubuntu","Maximum authentication attempts exceeded.","8","5758"
"Apr 9, 2025 @ 10:59:11.065","agente-ubuntu","syslog: User missed the password more than one time","10","2502"
"Apr 9, 2025 @ 10:59:11.061","agente-ubuntu","syslog: User missed the password more than one time","10","2502"
"Apr 9, 2025 @ 10:59:11.060","agente-ubuntu","syslog: User authentication failure.","5","2501"
"Apr 9, 2025 @ 10:59:11.058","agente-ubuntu","Maximum authentication attempts exceeded.","8","5758"
"Apr 9, 2025 @ 10:59:11.058","agente-ubuntu","syslog: User authentication failure.","5","2501"
"Apr 9, 2025 @ 10:59:11.056","agente-ubuntu","Maximum authentication attempts exceeded.","8","5758"
"Apr 9, 2025 @ 10:59:11.048","agente-ubuntu","PAM: Multiple failed logins in a small period of time.","10","5551"
"Apr 9, 2025 @ 10:59:11.037","agente-ubuntu","syslog: User missed the password more than one time","10","2502"
"Apr 9, 2025 @ 10:59:11.035","agente-ubuntu","syslog: User authentication failure.","5","2501"
"Apr 9, 2025 @ 10:59:11.035","agente-ubuntu","Maximum authentication attempts exceeded.","8","5758"
"Apr 9, 2025 @ 10:59:11.029","agente-ubuntu","syslog: User missed the password more than one time","10","2502"
"Apr 9, 2025 @ 10:59:11.027","agente-ubuntu","syslog: User authentication failure.","5","2501"
"Apr 9, 2025 @ 10:59:11.023","agente-ubuntu","Multiple authentication failures.","10","40111"
"Apr 9, 2025 @ 10:59:11.019","agente-ubuntu","Maximum authentication attempts exceeded.","8","5758"
"Apr 9, 2025 @ 10:59:11.019","agente-ubuntu","syslog: User missed the password more than one time","10","2502"
"Apr 9, 2025 @ 10:59:11.019","agente-ubuntu","syslog: User authentication failure.","5","2501"
"Apr 9, 2025 @ 10:59:11.009","agente-ubuntu","syslog: User missed the password more than one time","10","2502"
"Apr 9, 2025 @ 10:59:11.009","agente-ubuntu","syslog: User authentication failure.","5","2501"
"Apr 9, 2025 @ 10:59:11.008","agente-ubuntu","Maximum authentication attempts exceeded.","8","5758"
"Apr 9, 2025 @ 10:59:11.001","agente-ubuntu","syslog: User missed the password more than one time","10","2502"
"Apr 9, 2025 @ 10:59:10.998","agente-ubuntu","syslog: User authentication failure.","5","2501"
"Apr 9, 2025 @ 10:59:10.998","agente-ubuntu","Maximum authentication attempts exceeded.","8","5758"
"Apr 9, 2025 @ 10:59:10.992","agente-ubuntu","syslog: User missed the password more than one time","10","2502"
"Apr 9, 2025 @ 10:59:10.992","agente-ubuntu","syslog: User missed the password more than one time","10","2502"
"Apr 9, 2025 @ 10:59:10.984","agente-ubuntu","syslog: User authentication failure.","5","2501"
"Apr 9, 2025 @ 10:59:10.983","agente-ubuntu","Maximum authentication attempts exceeded.","8","5758"
"Apr 9, 2025 @ 10:59:10.983","agente-ubuntu","syslog: User authentication failure.","5","2501"
"Apr 9, 2025 @ 10:59:10.983","agente-ubuntu","Maximum authentication attempts exceeded.","8","5758"
"Apr 9, 2025 @ 10:59:10.982","agente-ubuntu","sshd: authentication failed.","5","5760"
"Apr 9, 2025 @ 10:59:10.980","agente-ubuntu","Multiple authentication failures.","10","40111"
"Apr 9, 2025 @ 10:59:10.978","agente-ubuntu","sshd: authentication failed.","5","5760"
"Apr 9, 2025 @ 10:59:10.977","agente-ubuntu","sshd: authentication failed.","5","5760"
"Apr 9, 2025 @ 10:59:08.982","agente-ubuntu","sshd: authentication failed.","5","5760"
"Apr 9, 2025 @ 10:59:08.980","agente-ubuntu","sshd: authentication failed.","5","5760"
"Apr 9, 2025 @ 10:59:08.978","agente-ubuntu","sshd: authentication failed.","5","5760"
"Apr 9, 2025 @ 10:59:08.976","agente-ubuntu","sshd: authentication failed.","5","5760"
"Apr 9, 2025 @ 10:59:08.974","agente-ubuntu","sshd: authentication failed.","5","5760"
"Apr 9, 2025 @ 10:59:08.972","agente-ubuntu","sshd: authentication failed.","5","5760"
"Apr 9, 2025 @ 10:59:08.969","agente-ubuntu","sshd: authentication failed.","5","5760"
"Apr 9, 2025 @ 10:59:08.967","agente-ubuntu","sshd: authentication failed.","5","5760"
"Apr 9, 2025 @ 10:59:08.965","agente-ubuntu","PAM: User login failed.","5","5503"
"Apr 9, 2025 @ 10:59:08.965","agente-ubuntu","sshd: authentication failed.","5","5760"
"Apr 9, 2025 @ 10:59:06.993","agente-ubuntu","syslog: User missed the password more than one time","10","2502"
"Apr 9, 2025 @ 10:59:06.991","agente-ubuntu","syslog: User authentication failure.","5","2501"
"Apr 9, 2025 @ 10:59:06.988","agente-ubuntu","Maximum authentication attempts exceeded.","8","5758"
"Apr 9, 2025 @ 10:59:06.986","agente-ubuntu","sshd: authentication failed.","5","5760"
"Apr 9, 2025 @ 10:59:06.984","agente-ubuntu","sshd: authentication failed.","5","5760"
"Apr 9, 2025 @ 10:59:06.982","agente-ubuntu","sshd: authentication failed.","5","5760"
"Apr 9, 2025 @ 10:59:06.980","agente-ubuntu","sshd: authentication failed.","5","5760"
"Apr 9, 2025 @ 10:59:06.978","agente-ubuntu","sshd: authentication failed.","5","5760"
"Apr 9, 2025 @ 10:59:06.976","agente-ubuntu","sshd: authentication failed.","5","5760"
"Apr 9, 2025 @ 10:59:06.973","agente-ubuntu","sshd: authentication failed.","5","5760"
"Apr 9, 2025 @ 10:59:06.971","agente-ubuntu","sshd: authentication failed.","5","5760"
"Apr 9, 2025 @ 10:59:06.970","agente-ubuntu","sshd: authentication failed.","5","5760"
"Apr 9, 2025 @ 10:59:06.967","agente-ubuntu","sshd: authentication failed.","5","5760"
"Apr 9, 2025 @ 10:59:06.965","agente-ubuntu","sshd: authentication failed.","5","5760"
"Apr 9, 2025 @ 10:59:06.962","agente-ubuntu","sshd: authentication failed.","5","5760"
"Apr 9, 2025 @ 10:59:06.962","agente-ubuntu","sshd: authentication failed.","5","5760"
"Apr 9, 2025 @ 10:59:04.964","agente-ubuntu","sshd: authentication failed.","5","5760"
"Apr 9, 2025 @ 10:59:04.962","agente-ubuntu","sshd: authentication failed.","5","5760"
"Apr 9, 2025 @ 10:59:04.962","agente-ubuntu","sshd: authentication failed.","5","5760"
"Apr 9, 2025 @ 10:59:04.962","agente-ubuntu","sshd: authentication failed.","5","5760"
"Apr 9, 2025 @ 10:59:03.000","agente-ubuntu","sshd: authentication failed.","5","5760"
"Apr 9, 2025 @ 10:59:03.000","agente-ubuntu","sshd: authentication failed.","5","5760"
"Apr 9, 2025 @ 10:59:03.000","agente-ubuntu","sshd: authentication failed.","5","5760"
"Apr 9, 2025 @ 10:59:02.999","agente-ubuntu","sshd: authentication failed.","5","5760"
"Apr 9, 2025 @ 10:59:02.999","agente-ubuntu","sshd: authentication failed.","5","5760"
"Apr 9, 2025 @ 10:59:02.999","agente-ubuntu","sshd: authentication failed.","5","5760"
"Apr 9, 2025 @ 10:59:02.999","agente-ubuntu","sshd: authentication failed.","5","5760"
"Apr 9, 2025 @ 10:59:02.999","agente-ubuntu","sshd: authentication failed.","5","5760"
"Apr 9, 2025 @ 10:59:02.957","agente-ubuntu","sshd: authentication failed.","5","5760"
"Apr 9, 2025 @ 10:59:00.966","agente-ubuntu","sshd: authentication failed.","5","5760"
"Apr 9, 2025 @ 10:59:00.964","agente-ubuntu","sshd: authentication failed.","5","5760"
"Apr 9, 2025 @ 10:59:00.962","agente-ubuntu","sshd: authentication failed.","5","5760"
"Apr 9, 2025 @ 10:59:00.960","agente-ubuntu","sshd: authentication failed.","5","5760"
"Apr 9, 2025 @ 10:59:00.958","agente-ubuntu","sshd: authentication failed.","5","5760"
"Apr 9, 2025 @ 10:59:00.956","agente-ubuntu","sshd: authentication failed.","5","5760"
"Apr 9, 2025 @ 10:59:00.954","agente-ubuntu","sshd: authentication failed.","5","5760"
"Apr 9, 2025 @ 10:59:00.953","agente-ubuntu","sshd: authentication failed.","5","5760"
"Apr 9, 2025 @ 10:58:58.966","agente-ubuntu","sshd: authentication failed.","5","5760"
"Apr 9, 2025 @ 10:58:58.964","agente-ubuntu","sshd: authentication failed.","5","5760"
"Apr 9, 2025 @ 10:58:58.962","agente-ubuntu","sshd: authentication failed.","5","5760"
"Apr 9, 2025 @ 10:58:58.960","agente-ubuntu","sshd: authentication failed.","5","5760"
"Apr 9, 2025 @ 10:58:58.958","agente-ubuntu","sshd: authentication failed.","5","5760"
"Apr 9, 2025 @ 10:58:58.956","agente-ubuntu","sshd: authentication failed.","5","5760"
"Apr 9, 2025 @ 10:58:58.954","agente-ubuntu","sshd: authentication failed.","5","5760"
"Apr 9, 2025 @ 10:58:58.952","agente-ubuntu","sshd: authentication failed.","5","5760"
"Apr 9, 2025 @ 10:58:58.952","agente-ubuntu","sshd: authentication failed.","5","5760"
"Apr 9, 2025 @ 10:58:56.973","agente-ubuntu","sshd: authentication failed.","5","5760"
"Apr 9, 2025 @ 10:58:56.972","agente-ubuntu","sshd: authentication failed.","5","5760"
"Apr 9, 2025 @ 10:58:56.968","agente-ubuntu","sshd: authentication failed.","5","5760"
"Apr 9, 2025 @ 10:58:56.966","agente-ubuntu","sshd: authentication failed.","5","5760"
"Apr 9, 2025 @ 10:58:56.966","agente-ubuntu","sshd: authentication failed.","5","5760"
"Apr 9, 2025 @ 10:58:56.962","agente-ubuntu","sshd: authentication failed.","5","5760"
"Apr 9, 2025 @ 10:58:56.960","agente-ubuntu","sshd: authentication failed.","5","5760"
"Apr 9, 2025 @ 10:58:56.958","agente-ubuntu","sshd: authentication failed.","5","5760"
"Apr 9, 2025 @ 10:58:56.956","agente-ubuntu","sshd: authentication failed.","5","5760"
"Apr 9, 2025 @ 10:58:56.955","agente-ubuntu","sshd: authentication failed.","5","5760"
"Apr 9, 2025 @ 10:58:56.952","agente-ubuntu","sshd: authentication failed.","5","5760"
"Apr 9, 2025 @ 10:58:56.951","agente-ubuntu","sshd: authentication failed.","5","5760"
"Apr 9, 2025 @ 10:58:56.951","agente-ubuntu","sshd: authentication failed.","5","5760"
"Apr 9, 2025 @ 10:58:55.030","agente-ubuntu","PAM: User login failed.","5","5503"
"Apr 9, 2025 @ 10:58:55.028","agente-ubuntu","syslog: User missed the password more than one time","10","2502"
"Apr 9, 2025 @ 10:58:55.015","agente-ubuntu","syslog: User authentication failure.","5","2501"
"Apr 9, 2025 @ 10:58:55.006","agente-ubuntu","Maximum authentication attempts exceeded.","8","5758"
"Apr 9, 2025 @ 10:58:54.996","agente-ubuntu","PAM: User login failed.","5","5503"
"Apr 9, 2025 @ 10:58:54.995","agente-ubuntu","PAM: User login failed.","5","5503"
"Apr 9, 2025 @ 10:58:54.995","agente-ubuntu","PAM: User login failed.","5","5503"
"Apr 9, 2025 @ 10:58:54.990","agente-ubuntu","PAM: User login failed.","5","5503"
"Apr 9, 2025 @ 10:58:54.989","agente-ubuntu","syslog: User missed the password more than one time","10","2502"
"Apr 9, 2025 @ 10:58:54.982","agente-ubuntu","syslog: User authentication failure.","5","2501"
"Apr 9, 2025 @ 10:58:54.979","agente-ubuntu","Multiple authentication failures.","10","40111"
"Apr 9, 2025 @ 10:58:54.975","agente-ubuntu","syslog: User missed the password more than one time","10","2502"
"Apr 9, 2025 @ 10:58:54.973","agente-ubuntu","Maximum authentication attempts exceeded.","8","5758"
"Apr 9, 2025 @ 10:58:54.973","agente-ubuntu","syslog: User authentication failure.","5","2501"
"Apr 9, 2025 @ 10:58:54.973","agente-ubuntu","syslog: User authentication failure.","5","2501"
"Apr 9, 2025 @ 10:58:54.969","agente-ubuntu","syslog: User missed the password more than one time","10","2502"
"Apr 9, 2025 @ 10:58:54.969","agente-ubuntu","Maximum authentication attempts exceeded.","8","5758"
"Apr 9, 2025 @ 10:58:54.958","agente-ubuntu","syslog: User missed the password more than one time","10","2502"
"Apr 9, 2025 @ 10:58:54.955","agente-ubuntu","syslog: User authentication failure.","5","2501"
"Apr 9, 2025 @ 10:58:54.954","agente-ubuntu","Maximum authentication attempts exceeded.","8","5758"
"Apr 9, 2025 @ 10:58:54.951","agente-ubuntu","sshd: authentication failed.","5","5760"
"Apr 9, 2025 @ 10:58:54.951","agente-ubuntu","sshd: authentication failed.","5","5760"
"Apr 9, 2025 @ 10:58:54.951","agente-ubuntu","sshd: authentication failed.","5","5760"
"Apr 9, 2025 @ 10:58:52.999","agente-ubuntu","sshd: authentication failed.","5","5760"
"Apr 9, 2025 @ 10:58:52.998","agente-ubuntu","sshd: authentication failed.","5","5760"
"Apr 9, 2025 @ 10:58:52.958","agente-ubuntu","sshd: authentication failed.","5","5760"
"Apr 9, 2025 @ 10:58:52.958","agente-ubuntu","sshd: authentication failed.","5","5760"
"Apr 9, 2025 @ 10:58:52.958","agente-ubuntu","sshd: authentication failed.","5","5760"
"Apr 9, 2025 @ 10:58:52.958","agente-ubuntu","sshd: authentication failed.","5","5760"
"Apr 9, 2025 @ 10:58:52.958","agente-ubuntu","sshd: authentication failed.","5","5760"
"Apr 9, 2025 @ 10:58:52.958","agente-ubuntu","sshd: authentication failed.","5","5760"
"Apr 9, 2025 @ 10:58:52.957","agente-ubuntu","sshd: authentication failed.","5","5760"
"Apr 9, 2025 @ 10:58:52.957","agente-ubuntu","sshd: authentication failed.","5","5760"
"Apr 9, 2025 @ 10:58:52.957","agente-ubuntu","PAM: User login failed.","5","5503"
"Apr 9, 2025 @ 10:58:52.939","agente-ubuntu","PAM: Multiple failed logins in a small period of time.","10","5551"
"Apr 9, 2025 @ 10:58:51.042","agente-ubuntu","syslog: User missed the password more than one time","10","2502"
"Apr 9, 2025 @ 10:58:51.040","agente-ubuntu","syslog: User authentication failure.","5","2501"
"Apr 9, 2025 @ 10:58:51.039","agente-ubuntu","Maximum authentication attempts exceeded.","8","5758"
"Apr 9, 2025 @ 10:58:51.034","agente-ubuntu","PAM: User login failed.","5","5503"
"Apr 9, 2025 @ 10:58:51.032","agente-ubuntu","PAM: User login failed.","5","5503"
"Apr 9, 2025 @ 10:58:51.032","agente-ubuntu","PAM: User login failed.","5","5503"
"Apr 9, 2025 @ 10:58:51.031","agente-ubuntu","PAM: User login failed.","5","5503"
"Apr 9, 2025 @ 10:58:51.028","agente-ubuntu","PAM: User login failed.","5","5503"
"Apr 9, 2025 @ 10:58:51.025","agente-ubuntu","Multiple authentication failures.","10","40111"
"Apr 9, 2025 @ 10:58:51.020","agente-ubuntu","syslog: User missed the password more than one time","10","2502"
"Apr 9, 2025 @ 10:58:51.016","agente-ubuntu","syslog: User authentication failure.","5","2501"
"Apr 9, 2025 @ 10:58:51.016","agente-ubuntu","syslog: User missed the password more than one time","10","2502"
"Apr 9, 2025 @ 10:58:51.013","agente-ubuntu","Maximum authentication attempts exceeded.","8","5758"
"Apr 9, 2025 @ 10:58:51.013","agente-ubuntu","syslog: User authentication failure.","5","2501"
"Apr 9, 2025 @ 10:58:51.005","agente-ubuntu","Maximum authentication attempts exceeded.","8","5758"
"Apr 9, 2025 @ 10:58:51.001","agente-ubuntu","syslog: User missed the password more than one time","10","2502"
"Apr 9, 2025 @ 10:58:51.001","agente-ubuntu","syslog: User authentication failure.","5","2501"
"Apr 9, 2025 @ 10:58:51.001","agente-ubuntu","Maximum authentication attempts exceeded.","8","5758"
"Apr 9, 2025 @ 10:58:50.994","agente-ubuntu","syslog: User missed the password more than one time","10","2502"
"Apr 9, 2025 @ 10:58:50.991","agente-ubuntu","syslog: User missed the password more than one time","10","2502"
"Apr 9, 2025 @ 10:58:50.991","agente-ubuntu","syslog: User authentication failure.","5","2501"
"Apr 9, 2025 @ 10:58:50.988","agente-ubuntu","Multiple authentication failures.","10","40111"
"Apr 9, 2025 @ 10:58:50.988","agente-ubuntu","syslog: User authentication failure.","5","2501"
"Apr 9, 2025 @ 10:58:50.987","agente-ubuntu","Maximum authentication attempts exceeded.","8","5758"
"Apr 9, 2025 @ 10:58:50.972","agente-ubuntu","syslog: User authentication failure.","5","2501"
"Apr 9, 2025 @ 10:58:50.972","agente-ubuntu","syslog: User missed the password more than one time","10","2502"
"Apr 9, 2025 @ 10:58:50.966","agente-ubuntu","Maximum authentication attempts exceeded.","8","5758"
"Apr 9, 2025 @ 10:58:50.961","agente-ubuntu","syslog: User missed the password more than one time","10","2502"
"Apr 9, 2025 @ 10:58:50.958","agente-ubuntu","Maximum authentication attempts exceeded.","8","5758"
"Apr 9, 2025 @ 10:58:50.958","agente-ubuntu","syslog: User authentication failure.","5","2501"
"Apr 9, 2025 @ 10:58:50.954","agente-ubuntu","sshd: authentication failed.","5","5760"
"Apr 9, 2025 @ 10:58:50.954","agente-ubuntu","sshd: authentication failed.","5","5760"
"Apr 9, 2025 @ 10:58:50.953","agente-ubuntu","sshd: authentication failed.","5","5760"
"Apr 9, 2025 @ 10:58:50.949","agente-ubuntu","sshd: authentication failed.","5","5760"
"Apr 9, 2025 @ 10:58:50.945","agente-ubuntu","sshd: authentication failed.","5","5760"
"Apr 9, 2025 @ 10:58:50.945","agente-ubuntu","sshd: authentication failed.","5","5760"
"Apr 9, 2025 @ 10:58:50.942","agente-ubuntu","sshd: authentication failed.","5","5760"
"Apr 9, 2025 @ 10:58:50.942","agente-ubuntu","sshd: authentication failed.","5","5760"
"Apr 9, 2025 @ 10:58:50.942","agente-ubuntu","sshd: authentication failed.","5","5760"
"Apr 9, 2025 @ 10:58:50.942","agente-ubuntu","sshd: authentication failed.","5","5760"
"Apr 9, 2025 @ 10:58:50.942","agente-ubuntu","sshd: authentication failed.","5","5760"
"Apr 9, 2025 @ 10:58:50.940","agente-ubuntu","sshd: authentication failed.","5","5760"
"Apr 9, 2025 @ 10:58:50.940","agente-ubuntu","sshd: authentication failed.","5","5760"
"Apr 9, 2025 @ 10:58:48.921","agente-ubuntu","sshd: authentication failed.","5","5760"
"Apr 9, 2025 @ 10:58:46.941","agente-ubuntu","sshd: authentication failed.","5","5760"
"Apr 9, 2025 @ 10:58:46.939","agente-ubuntu","sshd: authentication failed.","5","5760"
"Apr 9, 2025 @ 10:58:46.936","agente-ubuntu","sshd: authentication failed.","5","5760"
"Apr 9, 2025 @ 10:58:46.934","agente-ubuntu","sshd: authentication failed.","5","5760"
"Apr 9, 2025 @ 10:58:46.932","agente-ubuntu","sshd: authentication failed.","5","5760"
"Apr 9, 2025 @ 10:58:46.930","agente-ubuntu","sshd: authentication failed.","5","5760"
"Apr 9, 2025 @ 10:58:46.928","agente-ubuntu","sshd: authentication failed.","5","5760"
"Apr 9, 2025 @ 10:58:46.925","agente-ubuntu","sshd: authentication failed.","5","5760"
"Apr 9, 2025 @ 10:58:46.923","agente-ubuntu","sshd: authentication failed.","5","5760"
"Apr 9, 2025 @ 10:58:46.921","agente-ubuntu","sshd: authentication failed.","5","5760"
"Apr 9, 2025 @ 10:58:46.919","agente-ubuntu","sshd: authentication failed.","5","5760"
"Apr 9, 2025 @ 10:58:46.918","agente-ubuntu","sshd: authentication failed.","5","5760"
"Apr 9, 2025 @ 10:58:44.940","agente-ubuntu","sshd: authentication failed.","5","5760"
"Apr 9, 2025 @ 10:58:44.938","agente-ubuntu","sshd: authentication failed.","5","5760"
"Apr 9, 2025 @ 10:58:44.936","agente-ubuntu","sshd: authentication failed.","5","5760"
"Apr 9, 2025 @ 10:58:44.934","agente-ubuntu","sshd: authentication failed.","5","5760"
"Apr 9, 2025 @ 10:58:44.931","agente-ubuntu","sshd: authentication failed.","5","5760"
"Apr 9, 2025 @ 10:58:44.929","agente-ubuntu","sshd: authentication failed.","5","5760"
"Apr 9, 2025 @ 10:58:44.927","agente-ubuntu","sshd: authentication failed.","5","5760"
"Apr 9, 2025 @ 10:58:44.924","agente-ubuntu","sshd: authentication failed.","5","5760"
"Apr 9, 2025 @ 10:58:44.923","agente-ubuntu","sshd: authentication failed.","5","5760"
"Apr 9, 2025 @ 10:58:44.920","agente-ubuntu","sshd: authentication failed.","5","5760"
"Apr 9, 2025 @ 10:58:44.917","agente-ubuntu","sshd: authentication failed.","5","5760"
"Apr 9, 2025 @ 10:58:44.916","agente-ubuntu","sshd: authentication failed.","5","5760"
"Apr 9, 2025 @ 10:58:44.915","agente-ubuntu","sshd: authentication failed.","5","5760"
"Apr 9, 2025 @ 10:58:42.955","agente-ubuntu","sshd: authentication failed.","5","5760"
"Apr 9, 2025 @ 10:58:42.954","agente-ubuntu","sshd: authentication failed.","5","5760"
"Apr 9, 2025 @ 10:58:42.954","agente-ubuntu","sshd: authentication failed.","5","5760"
"Apr 9, 2025 @ 10:58:42.954","agente-ubuntu","sshd: authentication failed.","5","5760"
"Apr 9, 2025 @ 10:58:42.954","agente-ubuntu","sshd: authentication failed.","5","5760"
"Apr 9, 2025 @ 10:58:42.954","agente-ubuntu","sshd: authentication failed.","5","5760"
"Apr 9, 2025 @ 10:58:42.912","agente-ubuntu","sshd: authentication failed.","5","5760"
"Apr 9, 2025 @ 10:58:40.933","agente-ubuntu","sshd: authentication failed.","5","5760"
"Apr 9, 2025 @ 10:58:40.930","agente-ubuntu","sshd: authentication failed.","5","5760"
"Apr 9, 2025 @ 10:58:40.928","agente-ubuntu","sshd: authentication failed.","5","5760"
"Apr 9, 2025 @ 10:58:40.926","agente-ubuntu","sshd: authentication failed.","5","5760"
"Apr 9, 2025 @ 10:58:40.923","agente-ubuntu","sshd: authentication failed.","5","5760"
"Apr 9, 2025 @ 10:58:40.921","agente-ubuntu","sshd: authentication failed.","5","5760"
"Apr 9, 2025 @ 10:58:40.919","agente-ubuntu","sshd: authentication failed.","5","5760"
"Apr 9, 2025 @ 10:58:40.917","agente-ubuntu","sshd: authentication failed.","5","5760"
"Apr 9, 2025 @ 10:58:40.914","agente-ubuntu","sshd: authentication failed.","5","5760"
"Apr 9, 2025 @ 10:58:40.913","agente-ubuntu","sshd: authentication failed.","5","5760"
"Apr 9, 2025 @ 10:58:40.911","agente-ubuntu","sshd: authentication failed.","5","5760"
"Apr 9, 2025 @ 10:58:40.909","agente-ubuntu","sshd: authentication failed.","5","5760"
"Apr 9, 2025 @ 10:58:40.908","agente-ubuntu","sshd: authentication failed.","5","5760"
"Apr 9, 2025 @ 10:58:38.914","agente-ubuntu","sshd: authentication failed.","5","5760"
"Apr 9, 2025 @ 10:58:38.912","agente-ubuntu","sshd: authentication failed.","5","5760"
"Apr 9, 2025 @ 10:58:38.910","agente-ubuntu","sshd: authentication failed.","5","5760"
"Apr 9, 2025 @ 10:58:38.908","agente-ubuntu","sshd: authentication failed.","5","5760"
"Apr 9, 2025 @ 10:58:38.906","agente-ubuntu","sshd: authentication failed.","5","5760"
"Apr 9, 2025 @ 10:58:38.905","agente-ubuntu","sshd: authentication failed.","5","5760"
"Apr 9, 2025 @ 10:58:36.967","agente-ubuntu","sshd: authentication failed.","5","5760"
"Apr 9, 2025 @ 10:58:36.965","agente-ubuntu","sshd: authentication failed.","5","5760"
"Apr 9, 2025 @ 10:58:36.963","agente-ubuntu","sshd: authentication failed.","5","5760"
"Apr 9, 2025 @ 10:58:36.961","agente-ubuntu","sshd: authentication failed.","5","5760"
"Apr 9, 2025 @ 10:58:36.959","agente-ubuntu","sshd: authentication failed.","5","5760"
"Apr 9, 2025 @ 10:58:36.957","agente-ubuntu","sshd: authentication failed.","5","5760"
"Apr 9, 2025 @ 10:58:36.955","agente-ubuntu","sshd: authentication failed.","5","5760"
"Apr 9, 2025 @ 10:58:36.953","agente-ubuntu","sshd: authentication failed.","5","5760"
"Apr 9, 2025 @ 10:58:36.951","agente-ubuntu","PAM: User login failed.","5","5503"
"Apr 9, 2025 @ 10:58:36.949","agente-ubuntu","PAM: User login failed.","5","5503"
"Apr 9, 2025 @ 10:58:36.946","agente-ubuntu","PAM: Multiple failed logins in a small period of time.","10","5551"
"Apr 9, 2025 @ 10:58:36.944","agente-ubuntu","PAM: User login failed.","5","5503"
"Apr 9, 2025 @ 10:58:36.942","agente-ubuntu","PAM: User login failed.","5","5503"
"Apr 9, 2025 @ 10:58:36.938","agente-ubuntu","syslog: User missed the password more than one time","10","2502"
"Apr 9, 2025 @ 10:58:36.936","agente-ubuntu","syslog: User authentication failure.","5","2501"
"Apr 9, 2025 @ 10:58:36.934","agente-ubuntu","Maximum authentication attempts exceeded.","8","5758"
"Apr 9, 2025 @ 10:58:36.929","agente-ubuntu","Multiple authentication failures.","10","40111"
"Apr 9, 2025 @ 10:58:36.927","agente-ubuntu","syslog: User authentication failure.","5","2501"
"Apr 9, 2025 @ 10:58:36.925","agente-ubuntu","Maximum authentication attempts exceeded.","8","5758"
"Apr 9, 2025 @ 10:58:36.921","agente-ubuntu","syslog: User missed the password more than one time","10","2502"
"Apr 9, 2025 @ 10:58:36.916","agente-ubuntu","syslog: User missed the password more than one time","10","2502"
"Apr 9, 2025 @ 10:58:36.914","agente-ubuntu","syslog: User authentication failure.","5","2501"
"Apr 9, 2025 @ 10:58:36.912","agente-ubuntu","Maximum authentication attempts exceeded.","8","5758"
"Apr 9, 2025 @ 10:58:36.910","agente-ubuntu","syslog: User authentication failure.","5","2501"
"Apr 9, 2025 @ 10:58:36.908","agente-ubuntu","Maximum authentication attempts exceeded.","8","5758"
"Apr 9, 2025 @ 10:58:36.904","agente-ubuntu","syslog: User missed the password more than one time","10","2502"
"Apr 9, 2025 @ 10:58:36.902","agente-ubuntu","syslog: User authentication failure.","5","2501"
"Apr 9, 2025 @ 10:58:36.901","agente-ubuntu","Maximum authentication attempts exceeded.","8","5758"
"Apr 9, 2025 @ 10:58:35.012","agente-ubuntu","PAM: User login failed.","5","5503"
"Apr 9, 2025 @ 10:58:35.010","agente-ubuntu","sshd: authentication failed.","5","5760"
"Apr 9, 2025 @ 10:58:35.008","agente-ubuntu","sshd: authentication failed.","5","5760"
"Apr 9, 2025 @ 10:58:35.006","agente-ubuntu","sshd: authentication failed.","5","5760"
"Apr 9, 2025 @ 10:58:35.005","agente-ubuntu","sshd: authentication failed.","5","5760"
"Apr 9, 2025 @ 10:58:35.003","agente-ubuntu","sshd: authentication failed.","5","5760"
"Apr 9, 2025 @ 10:58:35.000","agente-ubuntu","PAM: User login failed.","5","5503"
"Apr 9, 2025 @ 10:58:34.998","agente-ubuntu","PAM: User login failed.","5","5503"
"Apr 9, 2025 @ 10:58:34.996","agente-ubuntu","PAM: User login failed.","5","5503"
"Apr 9, 2025 @ 10:58:34.993","agente-ubuntu","PAM: User login failed.","5","5503"
"Apr 9, 2025 @ 10:58:34.992","agente-ubuntu","PAM: Multiple failed logins in a small period of time.","10","5551"
"Apr 9, 2025 @ 10:58:34.989","agente-ubuntu","PAM: User login failed.","5","5503"
"Apr 9, 2025 @ 10:58:34.987","agente-ubuntu","PAM: User login failed.","5","5503"
"Apr 9, 2025 @ 10:58:34.983","agente-ubuntu","Multiple authentication failures.","10","40111"
"Apr 9, 2025 @ 10:58:34.981","agente-ubuntu","syslog: User authentication failure.","5","2501"
"Apr 9, 2025 @ 10:58:34.979","agente-ubuntu","Maximum authentication attempts exceeded.","8","5758"
"Apr 9, 2025 @ 10:58:34.974","agente-ubuntu","syslog: User missed the password more than one time","10","2502"
"Apr 9, 2025 @ 10:58:34.972","agente-ubuntu","syslog: User authentication failure.","5","2501"
"Apr 9, 2025 @ 10:58:34.970","agente-ubuntu","Maximum authentication attempts exceeded.","8","5758"
"Apr 9, 2025 @ 10:58:34.966","agente-ubuntu","syslog: User missed the password more than one time","10","2502"
"Apr 9, 2025 @ 10:58:34.964","agente-ubuntu","syslog: User authentication failure.","5","2501"
"Apr 9, 2025 @ 10:58:34.962","agente-ubuntu","Maximum authentication attempts exceeded.","8","5758"
"Apr 9, 2025 @ 10:58:34.957","agente-ubuntu","syslog: User missed the password more than one time","10","2502"
"Apr 9, 2025 @ 10:58:34.955","agente-ubuntu","syslog: User authentication failure.","5","2501"
"Apr 9, 2025 @ 10:58:34.953","agente-ubuntu","Maximum authentication attempts exceeded.","8","5758"
"Apr 9, 2025 @ 10:58:34.949","agente-ubuntu","Multiple authentication failures.","10","40111"
"Apr 9, 2025 @ 10:58:34.947","agente-ubuntu","syslog: User authentication failure.","5","2501"
"Apr 9, 2025 @ 10:58:34.945","agente-ubuntu","Maximum authentication attempts exceeded.","8","5758"
"Apr 9, 2025 @ 10:58:34.941","agente-ubuntu","syslog: User missed the password more than one time","10","2502"
"Apr 9, 2025 @ 10:58:34.938","agente-ubuntu","syslog: User authentication failure.","5","2501"
"Apr 9, 2025 @ 10:58:34.936","agente-ubuntu","Maximum authentication attempts exceeded.","8","5758"
"Apr 9, 2025 @ 10:58:34.932","agente-ubuntu","syslog: User missed the password more than one time","10","2502"
"Apr 9, 2025 @ 10:58:34.930","agente-ubuntu","syslog: User authentication failure.","5","2501"
"Apr 9, 2025 @ 10:58:34.928","agente-ubuntu","Maximum authentication attempts exceeded.","8","5758"
"Apr 9, 2025 @ 10:58:34.923","agente-ubuntu","syslog: User missed the password more than one time","10","2502"
"Apr 9, 2025 @ 10:58:34.921","agente-ubuntu","syslog: User authentication failure.","5","2501"
"Apr 9, 2025 @ 10:58:34.919","agente-ubuntu","Maximum authentication attempts exceeded.","8","5758"
"Apr 9, 2025 @ 10:58:34.917","agente-ubuntu","sshd: authentication failed.","5","5760"
"Apr 9, 2025 @ 10:58:34.915","agente-ubuntu","sshd: authentication failed.","5","5760"
"Apr 9, 2025 @ 10:58:34.913","agente-ubuntu","sshd: authentication failed.","5","5760"
"Apr 9, 2025 @ 10:58:34.911","agente-ubuntu","sshd: authentication failed.","5","5760"
"Apr 9, 2025 @ 10:58:34.909","agente-ubuntu","sshd: authentication failed.","5","5760"
"Apr 9, 2025 @ 10:58:34.907","agente-ubuntu","sshd: authentication failed.","5","5760"
"Apr 9, 2025 @ 10:58:34.898","agente-ubuntu","sshd: authentication failed.","5","5760"
"Apr 9, 2025 @ 10:58:34.898","agente-ubuntu","sshd: authentication failed.","5","5760"
"Apr 9, 2025 @ 10:58:32.936","agente-ubuntu","sshd: authentication failed.","5","5760"
"Apr 9, 2025 @ 10:58:32.936","agente-ubuntu","sshd: authentication failed.","5","5760"
"Apr 9, 2025 @ 10:58:32.936","agente-ubuntu","sshd: authentication failed.","5","5760"
"Apr 9, 2025 @ 10:58:32.936","agente-ubuntu","sshd: authentication failed.","5","5760"
"Apr 9, 2025 @ 10:58:32.895","agente-ubuntu","sshd: authentication failed.","5","5760"
"Apr 9, 2025 @ 10:58:30.909","agente-ubuntu","sshd: authentication failed.","5","5760"
"Apr 9, 2025 @ 10:58:30.907","agente-ubuntu","sshd: authentication failed.","5","5760"
"Apr 9, 2025 @ 10:58:30.904","agente-ubuntu","sshd: authentication failed.","5","5760"
"Apr 9, 2025 @ 10:58:30.902","agente-ubuntu","sshd: authentication failed.","5","5760"
"Apr 9, 2025 @ 10:58:30.900","agente-ubuntu","sshd: authentication failed.","5","5760"
"Apr 9, 2025 @ 10:58:30.897","agente-ubuntu","sshd: authentication failed.","5","5760"
"Apr 9, 2025 @ 10:58:30.896","agente-ubuntu","sshd: authentication failed.","5","5760"
"Apr 9, 2025 @ 10:58:30.895","agente-ubuntu","sshd: authentication failed.","5","5760"
"Apr 9, 2025 @ 10:58:28.914","agente-ubuntu","sshd: authentication failed.","5","5760"
"Apr 9, 2025 @ 10:58:28.912","agente-ubuntu","sshd: authentication failed.","5","5760"
"Apr 9, 2025 @ 10:58:28.910","agente-ubuntu","sshd: authentication failed.","5","5760"
"Apr 9, 2025 @ 10:58:28.908","agente-ubuntu","sshd: authentication failed.","5","5760"
"Apr 9, 2025 @ 10:58:28.905","agente-ubuntu","sshd: authentication failed.","5","5760"
"Apr 9, 2025 @ 10:58:28.903","agente-ubuntu","sshd: authentication failed.","5","5760"
"Apr 9, 2025 @ 10:58:28.901","agente-ubuntu","sshd: authentication failed.","5","5760"
"Apr 9, 2025 @ 10:58:28.899","agente-ubuntu","sshd: authentication failed.","5","5760"
"Apr 9, 2025 @ 10:58:28.896","agente-ubuntu","sshd: authentication failed.","5","5760"
"Apr 9, 2025 @ 10:58:28.894","agente-ubuntu","sshd: authentication failed.","5","5760"
"Apr 9, 2025 @ 10:58:28.892","agente-ubuntu","sshd: authentication failed.","5","5760"
"Apr 9, 2025 @ 10:58:28.890","agente-ubuntu","sshd: authentication failed.","5","5760"
"Apr 9, 2025 @ 10:58:28.889","agente-ubuntu","sshd: authentication failed.","5","5760"
"Apr 9, 2025 @ 10:58:26.913","agente-ubuntu","sshd: authentication failed.","5","5760"
"Apr 9, 2025 @ 10:58:26.911","agente-ubuntu","sshd: authentication failed.","5","5760"
"Apr 9, 2025 @ 10:58:26.909","agente-ubuntu","sshd: authentication failed.","5","5760"
"Apr 9, 2025 @ 10:58:26.906","agente-ubuntu","sshd: authentication failed.","5","5760"
"Apr 9, 2025 @ 10:58:26.904","agente-ubuntu","sshd: authentication failed.","5","5760"
"Apr 9, 2025 @ 10:58:26.902","agente-ubuntu","sshd: authentication failed.","5","5760"
"Apr 9, 2025 @ 10:58:26.900","agente-ubuntu","sshd: authentication failed.","5","5760"
"Apr 9, 2025 @ 10:58:26.898","agente-ubuntu","sshd: authentication failed.","5","5760"
"Apr 9, 2025 @ 10:58:26.895","agente-ubuntu","sshd: authentication failed.","5","5760"
"Apr 9, 2025 @ 10:58:26.893","agente-ubuntu","sshd: authentication failed.","5","5760"
"Apr 9, 2025 @ 10:58:26.890","agente-ubuntu","sshd: authentication failed.","5","5760"
"Apr 9, 2025 @ 10:58:26.889","agente-ubuntu","sshd: authentication failed.","5","5760"
"Apr 9, 2025 @ 10:58:26.889","agente-ubuntu","sshd: authentication failed.","5","5760"
"Apr 9, 2025 @ 10:58:22.937","agente-ubuntu","sshd: authentication failed.","5","5760"
"Apr 9, 2025 @ 10:58:22.937","agente-ubuntu","sshd: authentication failed.","5","5760"
"Apr 9, 2025 @ 10:58:22.937","agente-ubuntu","sshd: authentication failed.","5","5760"
"Apr 9, 2025 @ 10:58:22.896","agente-ubuntu","sshd: authentication failed.","5","5760"
"Apr 9, 2025 @ 10:58:22.896","agente-ubuntu","sshd: authentication failed.","5","5760"
"Apr 9, 2025 @ 10:58:22.896","agente-ubuntu","sshd: authentication failed.","5","5760"
"Apr 9, 2025 @ 10:58:22.896","agente-ubuntu","sshd: authentication failed.","5","5760"
"Apr 9, 2025 @ 10:58:22.896","agente-ubuntu","sshd: authentication failed.","5","5760"
"Apr 9, 2025 @ 10:58:22.896","agente-ubuntu","sshd: authentication failed.","5","5760"
"Apr 9, 2025 @ 10:58:22.896","agente-ubuntu","sshd: authentication failed.","5","5760"
"Apr 9, 2025 @ 10:58:22.896","agente-ubuntu","sshd: authentication failed.","5","5760"
"Apr 9, 2025 @ 10:58:22.896","agente-ubuntu","sshd: authentication failed.","5","5760"
"Apr 9, 2025 @ 10:58:22.877","agente-ubuntu","sshd: authentication failed.","5","5760"
"Apr 9, 2025 @ 10:58:20.904","agente-ubuntu","sshd: authentication failed.","5","5760"
"Apr 9, 2025 @ 10:58:20.902","agente-ubuntu","sshd: authentication failed.","5","5760"
"Apr 9, 2025 @ 10:58:20.900","agente-ubuntu","sshd: authentication failed.","5","5760"
"Apr 9, 2025 @ 10:58:20.897","agente-ubuntu","sshd: authentication failed.","5","5760"
"Apr 9, 2025 @ 10:58:20.895","agente-ubuntu","sshd: authentication failed.","5","5760"
"Apr 9, 2025 @ 10:58:20.893","agente-ubuntu","sshd: brute force trying to get access to the system. Authentication failed.","10","5763"
"Apr 9, 2025 @ 10:58:20.891","agente-ubuntu","sshd: authentication failed.","5","5760"
"Apr 9, 2025 @ 10:58:20.888","agente-ubuntu","sshd: authentication failed.","5","5760"
"Apr 9, 2025 @ 10:58:20.886","agente-ubuntu","sshd: authentication failed.","5","5760"
"Apr 9, 2025 @ 10:58:20.884","agente-ubuntu","sshd: authentication failed.","5","5760"
"Apr 9, 2025 @ 10:58:20.882","agente-ubuntu","sshd: authentication failed.","5","5760"
"Apr 9, 2025 @ 10:58:20.880","agente-ubuntu","sshd: authentication failed.","5","5760"
"Apr 9, 2025 @ 10:58:20.880","agente-ubuntu","sshd: authentication failed.","5","5760"
"Apr 9, 2025 @ 10:58:16.909","agente-ubuntu","PAM: User login failed.","5","5503"
"Apr 9, 2025 @ 10:58:16.909","agente-ubuntu","PAM: User login failed.","5","5503"
"Apr 9, 2025 @ 10:58:16.909","agente-ubuntu","PAM: User login failed.","5","5503"
"Apr 9, 2025 @ 10:58:16.908","agente-ubuntu","PAM: User login failed.","5","5503"
"Apr 9, 2025 @ 10:58:16.908","agente-ubuntu","PAM: Multiple failed logins in a small period of time.","10","5551"
"Apr 9, 2025 @ 10:58:16.908","agente-ubuntu","PAM: User login failed.","5","5503"
"Apr 9, 2025 @ 10:58:16.908","agente-ubuntu","PAM: User login failed.","5","5503"
"Apr 9, 2025 @ 10:58:16.907","agente-ubuntu","PAM: User login failed.","5","5503"
"Apr 9, 2025 @ 10:58:16.892","agente-ubuntu","PAM: User login failed.","5","5503"
"Apr 9, 2025 @ 10:58:16.890","agente-ubuntu","PAM: User login failed.","5","5503"
"Apr 9, 2025 @ 10:58:16.890","agente-ubuntu","PAM: User login failed.","5","5503"
"Apr 9, 2025 @ 10:58:16.890","agente-ubuntu","PAM: User login failed.","5","5503"
"Apr 9, 2025 @ 10:58:16.890","agente-ubuntu","PAM: User login failed.","5","5503"
"Apr 9, 2025 @ 10:51:36.457","agente-ubuntu","Systemd: Service exited due to a failure.","5","40704"
"Apr 9, 2025 @ 10:24:38.550","agente-ubuntu","New wazuh agent connected.","3","501"